Rank,Title,Year,IMDb Rating,Poster,IMDb URL
1,The Shawshank Redemption,1994,9.3,"https://m.media-amazon.com/images/M/MV5BMDAyY2FhYjctNDc5OS00MDNlLThiMGUtY2UxYWVkNGY2ZjljXkEyXkFqcGc@._V1_QL75_UX90_CR0,1,90,133_.jpg",https://www.imdb.com/title/tt0111161/
2,The Godfather,1972,9.2,"https://m.media-amazon.com/images/M/MV5BNGEwYjgwOGQtYjg5ZS00Njc1LTk2ZGEtM2QwZWQ2NjdhZTE5XkEyXkFqcGc@._V1_QL75_UY133_CR2,0,90,133_.jpg",https://www.imdb.com/title/tt0068646/
3,The Dark Knight,2008,9.1,"https://m.media-amazon.com/images/M/MV5BMTMxNTMwODM0NF5BMl5BanBnXkFtZTcwODAyMTk2Mw@@._V1_QL75_UX90_CR0,0,90,133_.jpg",https://www.imdb.com/title/tt0468569/
4,The Godfather Part II,1974,9.0,"https://m.media-amazon.com/images/M/MV5BMDIxMzBlZDktZjMxNy00ZGI4LTgxNDEtYWRlNzRjMjJmOGQ1XkEyXkFqcGc@._V1_QL75_UX90_CR0,1,90,133_.jpg",https://www.imdb.com/title/tt0071562/
5,The Lord of the Rings: The Return of the King,2003,9.0,"https://m.media-amazon.com/images/M/MV5BMTZkMjBjNWMtZGI5OC00MGU0LTk4ZTItODg2NWM3NTVmNWQ4XkEyXkFqcGc@._V1_QL75_UX90_CR0,0,90,133_.jpg",https://www.imdb.com/title/tt0167260/
6,12 Angry Men,1957,9.0,"https://m.media-amazon.com/images/M/MV5BYjE4NzdmOTYtYjc5Yi00YzBiLWEzNDEtNTgxZGQ2MWVkN2NiXkEyXkFqcGc@._V1_QL75_UX90_CR0,3,90,133_.jpg",https://www.imdb.com/title/tt0050083/
7,Schindler's List,1993,9.0,"https://m.media-amazon.com/images/M/MV5BNjM1ZDQxYWUtMzQyZS00MTE1LWJmZGYtNGUyNTdlYjM3ZmVmXkEyXkFqcGc@._V1_QL75_UX90_CR0,1,90,133_.jpg",https://www.imdb.com/title/tt0108052/
8,The Lord of the Rings: The Fellowship of the Ring,2001,8.9,"https://m.media-amazon.com/images/M/MV5BNzIxMDQ2YTctNDY4MC00ZTRhLTk4ODQtMTVlOWY4NTdiYmMwXkEyXkFqcGc@._V1_QL75_UX90_CR0,0,90,133_.jpg",https://www.imdb.com/title/tt0120737/
9,Pulp Fiction,1994,8.8,"https://m.media-amazon.com/images/M/MV5BYTViYTE3ZGQtNDBlMC00ZTAyLTkyODMtZGRiZDg0MjA2YThkXkEyXkFqcGc@._V1_QL75_UY133_CR1,0,90,133_.jpg",https://www.imdb.com/title/tt0110912/
10,The Lord of the Rings: The Two Towers,2002,8.8,"https://m.media-amazon.com/images/M/MV5BMGQxMDdiOWUtYjc1Ni00YzM1LWE2NjMtZTg3Y2JkMjEzMTJjXkEyXkFqcGc@._V1_QL75_UX90_CR0,3,90,133_.jpg",https://www.imdb.com/title/tt0167261/
11,"The Good, the Bad and the Ugly",1966,8.8,"https://m.media-amazon.com/images/M/MV5BMWM5ZjQxM2YtNDlmYi00ZDNhLWI4MWUtN2VkYjBlMTY1ZTkwXkEyXkFqcGc@._V1_QL75_UX90_CR0,1,90,133_.jpg",https://www.imdb.com/title/tt0060196/
12,Forrest Gump,1994,8.8,"https://m.media-amazon.com/images/M/MV5BNDYwNzVjMTItZmU5YS00YjQ5LTljYjgtMjY2NDVmYWMyNWFmXkEyXkFqcGc@._V1_QL75_UY133_CR1,0,90,133_.jpg",https://www.imdb.com/title/tt0109830/
13,Fight Club,1999,8.8,"https://m.media-amazon.com/images/M/MV5BOTgyOGQ1NDItNGU3Ny00MjU3LTg2YWEtNmEyYjBiMjI1Y2M5XkEyXkFqcGc@._V1_QL75_UX90_CR0,1,90,133_.jpg",https://www.imdb.com/title/tt0137523/
14,Inception,2010,8.8,"https://m.media-amazon.com/images/M/MV5BMjAxMzY3NjcxNF5BMl5BanBnXkFtZTcwNTI5OTM0Mw@@._V1_QL75_UX90_CR0,0,90,133_.jpg",https://www.imdb.com/title/tt1375666/
15,Star Wars: Episode V - The Empire Strikes Back,1980,8.7,"https://m.media-amazon.com/images/M/MV5BMTkxNGFlNDktZmJkNC00MDdhLTg0MTEtZjZiYWI3MGE5NWIwXkEyXkFqcGc@._V1_QL75_UX90_CR0,3,90,133_.jpg",https://www.imdb.com/title/tt0080684/
16,The Matrix,1999,8.7,"https://m.media-amazon.com/images/M/MV5BN2NmN2VhMTQtMDNiOS00NDlhLTliMjgtODE2ZTY0ODQyNDRhXkEyXkFqcGc@._V1_QL75_UX90_CR0,1,90,133_.jpg",https://www.imdb.com/title/tt0133093/
17,Interstellar,2014,8.7,"https://m.media-amazon.com/images/M/MV5BYzdjMDAxZGItMjI2My00ODA1LTlkNzItOWFjMDU5ZDJlYWY3XkEyXkFqcGc@._V1_QL75_UX90_CR0,0,90,133_.jpg",https://www.imdb.com/title/tt0816692/
18,GoodFellas,1990,8.7,"https://m.media-amazon.com/images/M/MV5BN2E5NzI2ZGMtY2VjNi00YTRjLWI1MDUtZGY5OWU1MWJjZjRjXkEyXkFqcGc@._V1_QL75_UX90_CR0,1,90,133_.jpg",https://www.imdb.com/title/tt0099685/
19,One Flew Over the Cuckoo's Nest,1975,8.6,"https://m.media-amazon.com/images/M/MV5BYjBkMjgzMzYtNzRiMS00NDc3LWE4YTUtZjYxYjZhNjNhYzhhXkEyXkFqcGc@._V1_QL75_UX90_CR0,0,90,133_.jpg",https://www.imdb.com/title/tt0073486/
20,Seven,1995,8.6,"https://m.media-amazon.com/images/M/MV5BY2IzNzMxZjctZjUxZi00YzAxLTk3ZjMtODFjODdhMDU5NDM1XkEyXkFqcGc@._V1_QL75_UX90_CR0,4,90,133_.jpg",https://www.imdb.com/title/tt0114369/
21,It's a Wonderful Life,1946,8.6,"https://m.media-amazon.com/images/M/MV5BMDM4OWFhYjEtNTE5Yy00NjcyLTg5N2UtZDQwNDZlYjlmNDU5XkEyXkFqcGc@._V1_QL75_UY133_CR1,0,90,133_.jpg",https://www.imdb.com/title/tt0038650/
22,The Silence of the Lambs,1991,8.6,"https://m.media-amazon.com/images/M/MV5BNDdhOGJhYzctYzYwZC00YmI2LWI0MjctYjg4ODdlMDExYjBlXkEyXkFqcGc@._V1_QL75_UY133_CR0,0,90,133_.jpg",https://www.imdb.com/title/tt0102926/
23,Saving Private Ryan,1998,8.6,"https://m.media-amazon.com/images/M/MV5BZGZhZGQ1ZWUtZTZjYS00MDJhLWFkYjctN2ZlYjE5NWYwZDM2XkEyXkFqcGc@._V1_QL75_UY133_CR0,0,90,133_.jpg",https://www.imdb.com/title/tt0120815/
24,Seven Samurai,1954,8.6,"https://m.media-amazon.com/images/M/MV5BZjliMWExOTMtZDQ3ZS00NWU3LWIyN2EtMjllNzk3ZTNlYzg4XkEyXkFqcGc@._V1_QL75_UY133_CR2,0,90,133_.jpg",https://www.imdb.com/title/tt0047478/
25,The Green Mile,1999,8.6,"https://m.media-amazon.com/images/M/MV5BMTUxMzQyNjA5MF5BMl5BanBnXkFtZTYwOTU2NTY3._V1_QL75_UX90_CR0,0,90,133_.jpg",https://www.imdb.com/title/tt0120689/
26,City of God,2002,8.6,"https://m.media-amazon.com/images/M/MV5BYjY4NGI5OTUtY2ZlZS00Zjk4LTk5N2MtN2JmYWVjNGNmMGRlXkEyXkFqcGc@._V1_QL75_UY133_CR0,0,90,133_.jpg",https://www.imdb.com/title/tt0317248/
27,Life Is Beautiful,1997,8.6,"https://m.media-amazon.com/images/M/MV5BZTBhOGYzZjQtYzE0Mi00MGIwLWE0MWYtNzMxNTM2OTFkM2NjXkEyXkFqcGc@._V1_QL75_UX90_CR0,0,90,133_.jpg",https://www.imdb.com/title/tt0118799/
28,Terminator 2: Judgment Day,1991,8.6,"https://m.media-amazon.com/images/M/MV5BNGMyMGNkMDUtMjc2Ni00NWFlLTgyODEtZTY2MzBiZTg0OWZiXkEyXkFqcGc@._V1_QL75_UX90_CR0,0,90,133_.jpg",https://www.imdb.com/title/tt0103064/
29,Back to the Future,1985,8.5,"https://m.media-amazon.com/images/M/MV5BZmM3ZjE0NzctNjBiOC00MDZmLTgzMTUtNGVlOWFlOTNiZDJiXkEyXkFqcGc@._V1_QL75_UX90_CR0,3,90,133_.jpg",https://www.imdb.com/title/tt0088763/
30,Star Wars: Episode IV - A New Hope,1977,8.6,"https://m.media-amazon.com/images/M/MV5BOGUwMDk0Y2MtNjBlNi00NmRiLTk2MWYtMGMyMDlhYmI4ZDBjXkEyXkFqcGc@._V1_QL75_UX90_CR0,2,90,133_.jpg",https://www.imdb.com/title/tt0076759/
31,Spirited Away,2001,8.6,"https://m.media-amazon.com/images/M/MV5BNTEyNmEwOWUtYzkyOC00ZTQ4LTllZmUtMjk0Y2YwOGUzYjRiXkEyXkFqcGc@._V1_QL75_UX90_CR0,0,90,133_.jpg",https://www.imdb.com/title/tt0245429/
32,Gladiator,2000,8.5,"https://m.media-amazon.com/images/M/MV5BYWQ4YmNjYjEtOWE1Zi00Y2U4LWI4NTAtMTU0MjkxNWQ1ZmJiXkEyXkFqcGc@._V1_QL75_UX90_CR0,0,90,133_.jpg",https://www.imdb.com/title/tt0172495/
33,Kill Bill: The Whole Bloody Affair,2004,8.7,"https://m.media-amazon.com/images/M/MV5BZDc2YzhkODAtZmRmZS00YzcxLWJkYWEtM2ZhZjY3MmMyZmJiXkEyXkFqcGc@._V1_QL75_UX90_CR0,1,90,133_.jpg",https://www.imdb.com/title/tt6019206/
34,The Pianist,2002,8.5,"https://m.media-amazon.com/images/M/MV5BMjEwNmEwYjgtNTk3ZC00NjljLTg5ZDctZTY3ZGQwZjRkZmQxXkEyXkFqcGc@._V1_QL75_UY133_CR3,0,90,133_.jpg",https://www.imdb.com/title/tt0253474/
35,Parasite,2019,8.5,"https://m.media-amazon.com/images/M/MV5BYjk1Y2U4MjQtY2ZiNS00OWQyLWI3MmYtZWUwNmRjYWRiNWNhXkEyXkFqcGc@._V1_QL75_UX90_CR0,0,90,133_.jpg",https://www.imdb.com/title/tt6751668/
36,Grave of the Fireflies,1988,8.5,"https://m.media-amazon.com/images/M/MV5BNTY5MmE2OGMtN2IxNC00MDY4LTkwMGEtZDUzOTYyNWE0ZTNjXkEyXkFqcGc@._V1_QL75_UX90_CR0,1,90,133_.jpg",https://www.imdb.com/title/tt0095327/
37,Harakiri,1962,8.6,"https://m.media-amazon.com/images/M/MV5BZThiZjU5ZDQtZDI4Mi00ZGYyLTkzOTktYmIzZTFlZTkxYzg5XkEyXkFqcGc@._V1_QL75_UY133_CR1,0,90,133_.jpg",https://www.imdb.com/title/tt0056058/
38,Psycho,1960,8.5,"https://m.media-amazon.com/images/M/MV5BYjZhMzFiZjItODA3ZC00MmRhLWIzMGYtMmVjOWUwYTA3MTRjXkEyXkFqcGc@._V1_QL75_UX90_CR0,0,90,133_.jpg",https://www.imdb.com/title/tt0054215/
39,The Lion King,1994,8.5,"https://m.media-amazon.com/images/M/MV5BZGRiZDZhZjItM2M3ZC00Y2IyLTk3Y2MtMWY5YjliNDFkZTJlXkEyXkFqcGc@._V1_QL75_UX90_CR0,0,90,133_.jpg",https://www.imdb.com/title/tt0110357/
40,The Departed,2006,8.5,"https://m.media-amazon.com/images/M/MV5BMTI1MTY2OTIxNV5BMl5BanBnXkFtZTYwNjQ4NjY3._V1_QL75_UY133_CR0,0,90,133_.jpg",https://www.imdb.com/title/tt0407887/
41,Whiplash,2014,8.5,"https://m.media-amazon.com/images/M/MV5BMDFjOWFkYzktYzhhMC00NmYyLTkwY2EtYjViMDhmNzg0OGFkXkEyXkFqcGc@._V1_QL75_UX90_CR0,0,90,133_.jpg",https://www.imdb.com/title/tt2582802/
42,The Prestige,2006,8.5,"https://m.media-amazon.com/images/M/MV5BM2Y0YmM5MWYtZTYzNi00ZjU5LTlmOGYtZDQ4ODQyMjAzNjQ2XkEyXkFqcGc@._V1_QL75_UX90_CR0,0,90,133_.jpg",https://www.imdb.com/title/tt0482571/
43,American History X,1998,8.5,"https://m.media-amazon.com/images/M/MV5BMzhiOTQ0NDItOTg0Zi00OGVmLWE0OGEtMTI4NDM0NWMxZWU4XkEyXkFqcGc@._V1_QL75_UX90_CR0,0,90,133_.jpg",https://www.imdb.com/title/tt0120586/
44,Spider-Man: Across the Spider-Verse,2023,8.5,"https://m.media-amazon.com/images/M/MV5BNThiZjA3MjItZGY5Ni00ZmJhLWEwN2EtOTBlYTA4Y2E0M2ZmXkEyXkFqcGc@._V1_QL75_UX90_CR0,0,90,133_.jpg",https://www.imdb.com/title/tt9362722/
45,Léon: The Professional,1994,8.5,"https://m.media-amazon.com/images/M/MV5BNGRkYTNhOWQtYmI0Ni00MjZhLWJmMzAtMTA2Mjg4NGNiNDU0XkEyXkFqcGc@._V1_QL75_UX90_CR0,0,90,133_.jpg",https://www.imdb.com/title/tt0110413/
46,Cinema Paradiso,1988,8.5,"https://m.media-amazon.com/images/M/MV5BMTljNzc4YWEtYTZlMS00ODMyLWIwMTAtNWQxY2VkMDEwYTk5XkEyXkFqcGc@._V1_QL75_UX90_CR0,0,90,133_.jpg",https://www.imdb.com/title/tt0095765/
47,Casablanca,1942,8.5,"https://m.media-amazon.com/images/M/MV5BNWEzN2U1YTYtYTQyMS00NTVkLWE2NGQtZWFlMmM0MDNjMmRiXkEyXkFqcGc@._V1_QL75_UX90_CR0,1,90,133_.jpg",https://www.imdb.com/title/tt0034583/
48,The Intouchables,2011,8.5,"https://m.media-amazon.com/images/M/MV5BMTYxNDA3MDQwNl5BMl5BanBnXkFtZTcwNTU4Mzc1Nw@@._V1_QL75_UX90_CR0,0,90,133_.jpg",https://www.imdb.com/title/tt1675434/
49,The Usual Suspects,1995,8.5,"https://m.media-amazon.com/images/M/MV5BOTE5MDUxZDUtZWZmZC00NDVmLWFhOGQtNWI2YTc4NzY3MGQ0XkEyXkFqcGc@._V1_QL75_UX90_CR0,0,90,133_.jpg",https://www.imdb.com/title/tt0114814/
50,Django Unchained,2012,8.5,"https://m.media-amazon.com/images/M/MV5BMjIyNTQ5NjQ1OV5BMl5BanBnXkFtZTcwODg1MDU4OA@@._V1_QL75_UX90_CR0,0,90,133_.jpg",https://www.imdb.com/title/tt1853728/
51,Alien,1979,8.4,"https://m.media-amazon.com/images/M/MV5BN2NhMDk2MmEtZDQzOC00MmY5LThhYzAtMDdjZGFjOGZjMjdjXkEyXkFqcGc@._V1_QL75_UX90_CR0,1,90,133_.jpg",https://www.imdb.com/title/tt0078748/
52,Rear Window,1954,8.4,"https://m.media-amazon.com/images/M/MV5BODZhOWI1ODgtMzdiOS00YjNkLTgwOGUtYmIyZDg5ZmQwMzQ1XkEyXkFqcGc@._V1_QL75_UY133_CR1,0,90,133_.jpg",https://www.imdb.com/title/tt0047396/
53,Modern Times,1936,8.5,"https://m.media-amazon.com/images/M/MV5BODVkZGFhNGQtYjdiYi00Njc4LWFmYTItNTlmNzJjMTg1ZDc5XkEyXkFqcGc@._V1_QL75_UX90_CR0,0,90,133_.jpg",https://www.imdb.com/title/tt0027977/
54,Once Upon a Time in the West,1968,8.5,"https://m.media-amazon.com/images/M/MV5BZjYyNGY1MDEtN2I1MC00MGVhLTljZTYtODQ1NzQ0ODc2NzZlXkEyXkFqcGc@._V1_QL75_UX90_CR0,1,90,133_.jpg",https://www.imdb.com/title/tt0064116/
55,WALL·E,2008,8.4,"https://m.media-amazon.com/images/M/MV5BMjExMTg5OTU0NF5BMl5BanBnXkFtZTcwMjMxMzMzMw@@._V1_QL75_UX90_CR0,0,90,133_.jpg",https://www.imdb.com/title/tt0910970/
56,City Lights,1931,8.5,"https://m.media-amazon.com/images/M/MV5BM2U4NjgzODUtODkyOC00YTE2LTlhNTItYzFlYmM1NTEzZDA2XkEyXkFqcGc@._V1_QL75_UX90_CR0,1,90,133_.jpg",https://www.imdb.com/title/tt0021749/
57,Apocalypse Now,1979,8.4,"https://m.media-amazon.com/images/M/MV5BZDhiMTljYjYtODc1Yy00MmEwLTg2OTYtYmE1YTRmNDE4MmEwXkEyXkFqcGc@._V1_QL75_UX90_CR0,2,90,133_.jpg",https://www.imdb.com/title/tt0078788/
58,Memento,2000,8.4,"https://m.media-amazon.com/images/M/MV5BMGQ3Y2Q4NjktN2E4Ny00Y2Q2LTliZDUtZTNiNjRhY2I0NGIyXkEyXkFqcGc@._V1_QL75_UX90_CR0,1,90,133_.jpg",https://www.imdb.com/title/tt0209144/
59,Avengers: Infinity War,2018,8.4,"https://m.media-amazon.com/images/M/MV5BMjMxNjY2MDU1OV5BMl5BanBnXkFtZTgwNzY1MTUwNTM@._V1_QL75_UX90_CR0,0,90,133_.jpg",https://www.imdb.com/title/tt4154756/
60,Dune: Part Two,2024,8.4,"https://m.media-amazon.com/images/M/MV5BNTc0YmQxMjEtODI5MC00NjFiLTlkMWUtOGQ5NjFmYWUyZGJhXkEyXkFqcGc@._V1_QL75_UX90_CR0,0,90,133_.jpg",https://www.imdb.com/title/tt15239678/
61,The Odyssey,2026,8.4,"https://m.media-amazon.com/images/M/MV5BNTcyNmJlZmQtNDUwYy00NDBjLTg1NGQtYTY2Y2UxMWM3NmI1XkEyXkFqcGc@._V1_QL75_UX90_CR0,0,90,133_.jpg",https://www.imdb.com/title/tt33764258/
62,Raiders of the Lost Ark,1981,8.4,"https://m.media-amazon.com/images/M/MV5BOGNhMjg2ZjgtYzk4Ni00MTViLTg1MmUtYzM2MDZiYjZlMmU3XkEyXkFqcGc@._V1_QL75_UY133_CR0,0,90,133_.jpg",https://www.imdb.com/title/tt0082971/
63,Spider-Man: Into the Spider-Verse,2018,8.4,"https://m.media-amazon.com/images/M/MV5BMjMwNDkxMTgzOF5BMl5BanBnXkFtZTgwNTkwNTQ3NjM@._V1_QL75_UX90_CR0,0,90,133_.jpg",https://www.imdb.com/title/tt4633694/
64,The Lives of Others,2006,8.4,"https://m.media-amazon.com/images/M/MV5BYjM1N2Q0YWEtN2E5MC00NDM3LTk2NTEtMTc1NTk5OTA5ZGIzXkEyXkFqcGc@._V1_QL75_UX90_CR0,0,90,133_.jpg",https://www.imdb.com/title/tt0405094/
65,Sunset Boulevard,1950,8.4,"https://m.media-amazon.com/images/M/MV5BMTU0NTkyNzYwMF5BMl5BanBnXkFtZTgwMDU0NDk5MTI@._V1_QL75_UX90_CR0,1,90,133_.jpg",https://www.imdb.com/title/tt0043014/
66,Witness for the Prosecution,1957,8.4,"https://m.media-amazon.com/images/M/MV5BNjRhNTQzMzQtMWViMi00ODQ1LTg0MTEtYWE4ZWZlYjM4YjJhXkEyXkFqcGc@._V1_QL75_UX90_CR0,2,90,133_.jpg",https://www.imdb.com/title/tt0051201/
67,Paths of Glory,1957,8.4,"https://m.media-amazon.com/images/M/MV5BNmQ2NmI2ODYtMDQzNS00NzQyLTkzZjgtZmZlYTQ5MTc1OWU3XkEyXkFqcGc@._V1_QL75_UX90_CR0,2,90,133_.jpg",https://www.imdb.com/title/tt0050825/
68,Inglourious Basterds,2009,8.4,"https://m.media-amazon.com/images/M/MV5BODZhMWJlNjYtNDExNC00MTIzLTllM2ItOGQ2NGVjNDQ3MzkzXkEyXkFqcGc@._V1_QL75_UX90_CR0,0,90,133_.jpg",https://www.imdb.com/title/tt0361748/
69,The Shining,1980,8.4,"https://m.media-amazon.com/images/M/MV5BNmM5ZThhY2ItOGRjOS00NzZiLWEwYTItNDgyMjFkOTgxMmRiXkEyXkFqcGc@._V1_QL75_UX90_CR0,2,90,133_.jpg",https://www.imdb.com/title/tt0081505/
70,The Great Dictator,1940,8.4,"https://m.media-amazon.com/images/M/MV5BMjc4ZjEwNDUtMjlmZS00NzQ4LTg2N2MtMGI3ZjMyMmM3ZDM2XkEyXkFqcGc@._V1_QL75_UX90_CR0,0,90,133_.jpg",https://www.imdb.com/title/tt0032553/
71,Aliens,1986,8.4,"https://m.media-amazon.com/images/M/MV5BN2ZiMmQ0YWItN2IwZS00Y2NhLWE0NzQtNGNiOGFjN2U4MWNmXkEyXkFqcGc@._V1_QL75_UX90_CR0,3,90,133_.jpg",https://www.imdb.com/title/tt0090605/
72,12th Fail,2023,8.7,"https://m.media-amazon.com/images/M/MV5BNTE3OTIxZDYtNjA0NC00N2YxLTg1NGQtOTYxNmZkMDkwOWNjXkEyXkFqcGc@._V1_QL75_UY133_CR6,0,90,133_.jpg",https://www.imdb.com/title/tt23849204/
73,High and Low,1963,8.4,"https://m.media-amazon.com/images/M/MV5BMGJiNzllYjktODAzNS00OGUzLTlmY2MtMjA2ZTZhYTY1OTc4XkEyXkFqcGc@._V1_QL75_UX90_CR0,1,90,133_.jpg",https://www.imdb.com/title/tt0057565/
74,Avengers: Endgame,2019,8.4,"https://m.media-amazon.com/images/M/MV5BMWEyNDM2ZmQtMmFkNi00MTQ1LTk1MjItMzdlZGJlYmIyYzZlXkEyXkFqcGc@._V1_QL75_UX90_CR0,0,90,133_.jpg",https://www.imdb.com/title/tt4154796/
75,Good Will Hunting,1997,8.4,"https://m.media-amazon.com/images/M/MV5BNDdjZGQ5YzEtNTc2My00Mjc0LWFlMTctYzkwMzZlNzdiZWYzXkEyXkFqcGc@._V1_QL75_UX90_CR0,2,90,133_.jpg",https://www.imdb.com/title/tt0119217/
76,Coco,2017,8.4,"https://m.media-amazon.com/images/M/MV5BMDIyM2E2NTAtMzlhNy00ZGUxLWI1NjgtZDY5MzhiMDc5NGU3XkEyXkFqcGc@._V1_QL75_UY133_CR2,0,90,133_.jpg",https://www.imdb.com/title/tt2380307/
77,Toy Story,1995,8.3,"https://m.media-amazon.com/images/M/MV5BZTA3OWVjOWItNjE1NS00NzZiLWE1MjgtZDZhMWI1ZTlkNzYwXkEyXkFqcGc@._V1_QL75_UX90_CR0,0,90,133_.jpg",https://www.imdb.com/title/tt0114709/
78,The Dark Knight Rises,2012,8.4,"https://m.media-amazon.com/images/M/MV5BMTk4ODQzNDY3Ml5BMl5BanBnXkFtZTcwODA0NTM4Nw@@._V1_QL75_UX90_CR0,0,90,133_.jpg",https://www.imdb.com/title/tt1345836/
79,Amadeus,1984,8.4,"https://m.media-amazon.com/images/M/MV5BMzc2MjM0NTMtOGY4NC00NzY1LWE2ODUtZjMzY2RhNGNkZDAyXkEyXkFqcGc@._V1_QL75_UX90_CR0,3,90,133_.jpg",https://www.imdb.com/title/tt0086879/
80,Your Name.,2016,8.4,"https://m.media-amazon.com/images/M/MV5BMjI1ODZkYTgtYTY3Yy00ZTJkLWFkOTgtZDUyYWM4MzQwNjk0XkEyXkFqcGc@._V1_QL75_UX90_CR0,0,90,133_.jpg",https://www.imdb.com/title/tt5311514/
81,3 Idiots,2009,8.4,"https://m.media-amazon.com/images/M/MV5BNzc4ZWQ3NmYtODE0Ny00YTQ4LTlkZWItNTBkMGQ0MmUwMmJlXkEyXkFqcGc@._V1_QL75_UY133_CR1,0,90,133_.jpg",https://www.imdb.com/title/tt1187043/
82,Das Boot,1981,8.3,"https://m.media-amazon.com/images/M/MV5BNGU0MWZlMTUtM2Y3Ny00NGNmLWE5NmEtN2YxOWQzMGM3ZWYzXkEyXkFqcGc@._V1_QL75_UX90_CR0,2,90,133_.jpg",https://www.imdb.com/title/tt0082096/
83,Braveheart,1995,8.3,"https://m.media-amazon.com/images/M/MV5BNGMxZDBhNGQtYTZlNi00N2UzLWI4NDEtNmUzNWM2NTdmZDA0XkEyXkFqcGc@._V1_QL75_UY133_CR0,0,90,133_.jpg",https://www.imdb.com/title/tt0112573/
84,Princess Mononoke,1997,8.3,"https://m.media-amazon.com/images/M/MV5BZTcyN2Y0MDYtMGI1NC00MWQ1LWFhZGMtN2U4NTcxZGYyNjljXkEyXkFqcGc@._V1_QL75_UX90_CR0,1,90,133_.jpg",https://www.imdb.com/title/tt0119698/
85,Oldboy,2003,8.3,"https://m.media-amazon.com/images/M/MV5BMTAwNzNjYWItZmI0Ni00ZTcyLWIwNWMtZjlmNGMxZTEyYTJmXkEyXkFqcGc@._V1_QL75_UX90_CR0,1,90,133_.jpg",https://www.imdb.com/title/tt0364569/
86,Dr. Strangelove or: How I Learned to Stop Worrying and Love the Bomb,1964,8.3,"https://m.media-amazon.com/images/M/MV5BMjFjYzBlOTktMTI2OS00ZWVhLTgxMDUtNzAwODY2NmI3YTAzXkEyXkFqcGc@._V1_QL75_UX90_CR0,3,90,133_.jpg",https://www.imdb.com/title/tt0057012/
87,American Beauty,1999,8.3,"https://m.media-amazon.com/images/M/MV5BMDI1MDE0OTMtMmI2MS00Yjc2LTg2MTItMWExYTg5NzA1OGUzXkEyXkFqcGc@._V1_QL75_UX90_CR0,0,90,133_.jpg",https://www.imdb.com/title/tt0169547/
88,Capernaum,2018,8.4,"https://m.media-amazon.com/images/M/MV5BYzEyMzQ1OTktZTljZi00OWQzLWE2ZmUtZjQyNzBjYjE1NTc0XkEyXkFqcGc@._V1_QL75_UY133_CR0,0,90,133_.jpg",https://www.imdb.com/title/tt8267604/
89,Singin' in the Rain,1952,8.3,"https://m.media-amazon.com/images/M/MV5BMGQzZDFjZWUtZDU4ZS00ZjM3LTgyYmItYjA3YmIwYzRkZWY3XkEyXkFqcGc@._V1_QL75_UY133_CR1,0,90,133_.jpg",https://www.imdb.com/title/tt0045152/
90,Once Upon a Time in America,1984,8.3,"https://m.media-amazon.com/images/M/MV5BMDQ0ZTg2OGUtZjMyOC00M2M5LThkMmItZmM2MmUzMmIxMWJhXkEyXkFqcGc@._V1_QL75_UX90_CR0,1,90,133_.jpg",https://www.imdb.com/title/tt0087843/
91,Joker,2019,8.3,"https://m.media-amazon.com/images/M/MV5BNzY3OWQ5NDktNWQ2OC00ZjdlLThkMmItMDhhNDk3NTFiZGU4XkEyXkFqcGc@._V1_QL75_UX90_CR0,0,90,133_.jpg",https://www.imdb.com/title/tt7286456/
92,Toy Story 3,2010,8.3,"https://m.media-amazon.com/images/M/MV5BMTgxOTY4Mjc0MF5BMl5BanBnXkFtZTcwNTA4MDQyMw@@._V1_QL75_UY133_CR2,0,90,133_.jpg",https://www.imdb.com/title/tt0435761/
93,Star Wars: Episode VI - Return of the Jedi,1983,8.3,"https://m.media-amazon.com/images/M/MV5BNWEwOTI0MmUtMGNmNy00ODViLTlkZDQtZTg1YmQ3MDgyNTUzXkEyXkFqcGc@._V1_QL75_UX90_CR0,3,90,133_.jpg",https://www.imdb.com/title/tt0086190/
94,Attack on Titan: The Last Attack,2024,8.9,"https://m.media-amazon.com/images/M/MV5BNzVjOWEwYjEtNDJhOC00YjUyLThjMWItMDQwZGY1ODM4YzI3XkEyXkFqcGc@._V1_QL75_UY133_CR2,0,90,133_.jpg",https://www.imdb.com/title/tt33175825/
95,Come and See,1985,8.3,"https://m.media-amazon.com/images/M/MV5BNDlkZmVkZDAtZGFmMS00OWIzLWJkY2YtNWE5NjNhNjhiZGE3XkEyXkFqcGc@._V1_QL75_UX90_CR0,2,90,133_.jpg",https://www.imdb.com/title/tt0091251/
96,Requiem for a Dream,2000,8.3,"https://m.media-amazon.com/images/M/MV5BN2ZlMjIzZjctYzA2My00ZWYyLWI4ZjctMGI2NWYyNzFiZjAwXkEyXkFqcGc@._V1_QL75_UX90_CR0,1,90,133_.jpg",https://www.imdb.com/title/tt0180093/
97,Incendies,2010,8.3,"https://m.media-amazon.com/images/M/MV5BYWFmMjdmNjctNzhhOC00ZmMzLTkwOGItMmVmZDU4MjE2MTYwXkEyXkFqcGc@._V1_QL75_UX90_CR0,1,90,133_.jpg",https://www.imdb.com/title/tt1255953/
98,Ikiru,1952,8.3,"https://m.media-amazon.com/images/M/MV5BMmNlZTk4ZjQtY2I5NS00NmNiLTlkNmUtYTc3YmE0ZTk3OGNiXkEyXkFqcGc@._V1_QL75_UY133_CR3,0,90,133_.jpg",https://www.imdb.com/title/tt0044741/
99,The Hunt,2012,8.3,"https://m.media-amazon.com/images/M/MV5BMTg2NDg3ODg4NF5BMl5BanBnXkFtZTcwNzk3NTc3Nw@@._V1_QL75_UY133_CR2,0,90,133_.jpg",https://www.imdb.com/title/tt2106476/
100,Eternal Sunshine of the Spotless Mind,2004,8.3,"https://m.media-amazon.com/images/M/MV5BMTY4NzcwODg3Nl5BMl5BanBnXkFtZTcwNTEwOTMyMw@@._V1_QL75_UX90_CR0,0,90,133_.jpg",https://www.imdb.com/title/tt0338013/
101,The Apartment,1960,8.3,"https://m.media-amazon.com/images/M/MV5BNDdhMzVhOWQtNDU2Mi00ZmZmLWJiZDMtY2QxMjhjY2Y1ZTI5XkEyXkFqcGc@._V1_QL75_UX90_CR0,4,90,133_.jpg",https://www.imdb.com/title/tt0053604/
102,Lawrence of Arabia,1962,8.3,"https://m.media-amazon.com/images/M/MV5BYjY0YTQ1OTAtYjEyNy00NTQ4LThlMTQtM2QwYTVhYWFhNjU5XkEyXkFqcGc@._V1_QL75_UY133_CR1,0,90,133_.jpg",https://www.imdb.com/title/tt0056172/
103,Heat,1995,8.3,"https://m.media-amazon.com/images/M/MV5BMTkxYjU1OTMtYWViZC00ZjAzLWI3MDktZGQ2N2VmMjVjNDRlXkEyXkFqcGc@._V1_QL75_UY133_CR2,0,90,133_.jpg",https://www.imdb.com/title/tt0113277/
104,Scarface,1983,8.3,"https://m.media-amazon.com/images/M/MV5BNDUzYjY0NmUtMDM4OS00Y2Q5LWJiODYtNTk0ZTk0YjZhMTg1XkEyXkFqcGc@._V1_QL75_UX90_CR0,1,90,133_.jpg",https://www.imdb.com/title/tt0086250/
105,Reservoir Dogs,1992,8.2,"https://m.media-amazon.com/images/M/MV5BMmMzYjg4NDctYWY0Mi00OGViLWIzMTMtYWNlZGY5ZDJmYjk3XkEyXkFqcGc@._V1_QL75_UX90_CR0,0,90,133_.jpg",https://www.imdb.com/title/tt0105236/
106,Up,2009,8.3,"https://m.media-amazon.com/images/M/MV5BNmI1ZTc5MWMtMDYyOS00ZDc2LTkzOTAtNjQ4NWIxNjYyNDgzXkEyXkFqcGc@._V1_QL75_UX90_CR0,0,90,133_.jpg",https://www.imdb.com/title/tt1049413/
107,2001: A Space Odyssey,2001,8.3,"https://m.media-amazon.com/images/M/MV5BNjU0NDFkMTQtZWY5OS00MmZhLTg3Y2QtZmJhMzMzMWYyYjc2XkEyXkFqcGc@._V1_QL75_UX90_CR0,0,90,133_.jpg",https://www.imdb.com/title/tt0062622/
108,Double Indemnity,1944,8.3,"https://m.media-amazon.com/images/M/MV5BM2YwNjZlZDktNTlmNS00ODQwLWJmNmUtYmE1NTBhYjc1YTY5XkEyXkFqcGc@._V1_QL75_UX90_CR0,1,90,133_.jpg",https://www.imdb.com/title/tt0036775/
109,Like Stars on Earth,2007,8.3,"https://m.media-amazon.com/images/M/MV5BZTI0ZGRiMDEtNGNjMS00MGU4LWI3OTktNzcxMDZmZTk3MTljXkEyXkFqcGc@._V1_QL75_UY133_CR2,0,90,133_.jpg",https://www.imdb.com/title/tt0986264/
110,North by Northwest,1959,8.2,"https://m.media-amazon.com/images/M/MV5BZWIzODI2OGItMzM0Ny00OGRmLTlkNmItMDQxMTFmMTk3YmQwXkEyXkFqcGc@._V1_QL75_UX90_CR0,1,90,133_.jpg",https://www.imdb.com/title/tt0053125/
111,Full Metal Jacket,1987,8.2,"https://m.media-amazon.com/images/M/MV5BYWUzNzZkNzUtNDdiYy00Nzk5LTgxMmItNTk0MjRjNjdjNDA0XkEyXkFqcGc@._V1_QL75_UX90_CR0,1,90,133_.jpg",https://www.imdb.com/title/tt0093058/
112,I Swear,2025,8.3,"https://m.media-amazon.com/images/M/MV5BNWQxYTMyZTktZDg5Yi00Y2YwLWI4YzQtMjkyYmYxNmFjYThmXkEyXkFqcGc@._V1_QL75_UX90_CR0,0,90,133_.jpg",https://www.imdb.com/title/tt31514146/
113,A Separation,2011,8.3,"https://m.media-amazon.com/images/M/MV5BMDM0ZWRmMzctM2M5ZS00ZjU0LWIxN2MtNWNlNGY1ZDhjMDVhXkEyXkFqcGc@._V1_QL75_UX90_CR0,0,90,133_.jpg",https://www.imdb.com/title/tt1832382/
114,Die Hard,1988,8.2,"https://m.media-amazon.com/images/M/MV5BMGNlYmM1NmQtYWExMS00NmRjLTg5ZmEtMmYyYzJkMzljYWMxXkEyXkFqcGc@._V1_QL75_UX90_CR0,1,90,133_.jpg",https://www.imdb.com/title/tt0095016/
115,M,1931,8.3,"https://m.media-amazon.com/images/M/MV5BODA4ODk3OTEzMF5BMl5BanBnXkFtZTgwMTQ2ODMwMzE@._V1_QL75_UX90_CR0,1,90,133_.jpg",https://www.imdb.com/title/tt0022100/
116,Amélie,2001,8.2,"https://m.media-amazon.com/images/M/MV5BOTNmYzY0MWQtZGZmNy00Y2Y4LWFmMDQtMTZjYTdiYzEwZGQ2XkEyXkFqcGc@._V1_QL75_UX90_CR0,1,90,133_.jpg",https://www.imdb.com/title/tt0211915/
117,To Kill a Mockingbird,1962,8.2,"https://m.media-amazon.com/images/M/MV5BZTlkYWU4MGEtZmQyYi00OWEzLTgzY2EtYzVjOTEzYzAyNTk1XkEyXkFqcGc@._V1_QL75_UX90_CR0,2,90,133_.jpg",https://www.imdb.com/title/tt0056592/
118,Vertigo,1958,8.2,"https://m.media-amazon.com/images/M/MV5BNzEyZTUxMWItMGVhYy00Y2NlLTljYTMtYzBmMzI1YmUyMDBkXkEyXkFqcGc@._V1_QL75_UX90_CR0,3,90,133_.jpg",https://www.imdb.com/title/tt0052357/
119,Citizen Kane,1941,8.2,"https://m.media-amazon.com/images/M/MV5BYjk1ZDJlMmUtOWQ0Zi00MDM5LTk1OGYtODczNjFmMGYwZGVkXkEyXkFqcGc@._V1_QL75_UX90_CR0,1,90,133_.jpg",https://www.imdb.com/title/tt0033467/
120,Indiana Jones and the Last Crusade,1989,8.2,"https://m.media-amazon.com/images/M/MV5BNGIxNzQ0YzYtMjNmYi00YjBlLWFjNzEtNGE3ZGFmYTczM2MwXkEyXkFqcGc@._V1_QL75_UX90_CR0,0,90,133_.jpg",https://www.imdb.com/title/tt0097576/
121,The Sting,1973,8.2,"https://m.media-amazon.com/images/M/MV5BM2E4MGZjOGItNzAwYy00MjU5LTliZTEtNTQ3YTUzNmUzMjE0XkEyXkFqcGc@._V1_QL75_UX90_CR0,1,90,133_.jpg",https://www.imdb.com/title/tt0070735/
122,A Clockwork Orange,1971,8.2,"https://m.media-amazon.com/images/M/MV5BMTY3MjM1Mzc4N15BMl5BanBnXkFtZTgwODM0NzAxMDE@._V1_QL75_UX90_CR0,0,90,133_.jpg",https://www.imdb.com/title/tt0066921/
123,Metropolis,1927,8.2,"https://m.media-amazon.com/images/M/MV5BMjhjMGYyMjAtMzJkYy00NzhlLWIwY2MtMWQ2ODIxZDUyOGYyXkEyXkFqcGc@._V1_QL75_UY133_CR0,0,90,133_.jpg",https://www.imdb.com/title/tt0017136/
124,1917,1917,8.2,"https://m.media-amazon.com/images/M/MV5BYzkxZjg2NDQtMGVjMy00NWZkLTk0ZDEtZWE3NDYwYjAyMTg1XkEyXkFqcGc@._V1_QL75_UX90_CR0,5,90,133_.jpg",https://www.imdb.com/title/tt8579674/
125,The Wolf of Wall Street,2013,8.2,"https://m.media-amazon.com/images/M/MV5BMjIxMjgxNTk0MF5BMl5BanBnXkFtZTgwNjIyOTg2MDE@._V1_QL75_UX90_CR0,0,90,133_.jpg",https://www.imdb.com/title/tt0993846/
126,The Truman Show,1998,8.2,"https://m.media-amazon.com/images/M/MV5BNzA3ZjZlNzYtMTdjMy00NjMzLTk5ZGYtMTkyYzNiOGM1YmM3XkEyXkFqcGc@._V1_QL75_UX90_CR0,0,90,133_.jpg",https://www.imdb.com/title/tt0120382/
127,Snatch,2000,8.2,"https://m.media-amazon.com/images/M/MV5BYzk5NjJkMTQtN2IyNC00YWM5LTlhZmMtNGI3MWNhMTU1YTc4XkEyXkFqcGc@._V1_QL75_UY133_CR1,0,90,133_.jpg",https://www.imdb.com/title/tt0208092/
128,Shutter Island,2010,8.2,"https://m.media-amazon.com/images/M/MV5BN2FjNWExYzEtY2YzOC00YjNlLTllMTQtNmIwM2Q1YzBhOWM1XkEyXkFqcGc@._V1_QL75_UX90_CR0,0,90,133_.jpg",https://www.imdb.com/title/tt1130884/
129,Downfall,2004,8.2,"https://m.media-amazon.com/images/M/MV5BMTU0NTU5NTAyMl5BMl5BanBnXkFtZTYwNzYwMDg2._V1_QL75_UY133_CR1,0,90,133_.jpg",https://www.imdb.com/title/tt0363163/
130,L.A. Confidential,1997,8.2,"https://m.media-amazon.com/images/M/MV5BODdiMjY1OGYtNDk0NC00NGQ1LWI4MDItOTJhMTM0YjE1YTAzXkEyXkFqcGc@._V1_QL75_UY133_CR1,0,90,133_.jpg",https://www.imdb.com/title/tt0119488/
131,Green Book,2018,8.2,"https://m.media-amazon.com/images/M/MV5BNDU5YTNmMmItN2QxNy00OGQ0LTg5MTctNzFmYjEzZjcwN2UwXkEyXkFqcGc@._V1_QL75_UX90_CR0,1,90,133_.jpg",https://www.imdb.com/title/tt6966692/
132,Dangal,2016,8.3,"https://m.media-amazon.com/images/M/MV5BMTQ4MzQzMzM2Nl5BMl5BanBnXkFtZTgwMTQ1NzU3MDI@._V1_QL75_UY133_CR3,0,90,133_.jpg",https://www.imdb.com/title/tt5074352/
133,Woman in the Dunes,1964,8.4,"https://m.media-amazon.com/images/M/MV5BM2E1ZjY5MjItZTUxZS00NTI1LWEwMmEtODhlMDAyMzUyOTRmXkEyXkFqcGc@._V1_QL75_UY133_CR2,0,90,133_.jpg",https://www.imdb.com/title/tt0058625/
134,Bicycle Thieves,1948,8.2,"https://m.media-amazon.com/images/M/MV5BMjIzMzAyMzg1Nl5BMl5BanBnXkFtZTgwMzMyNzk0MTE@._V1_QL75_UY133_CR1,0,90,133_.jpg",https://www.imdb.com/title/tt0040522/
135,Judgment at Nuremberg,1961,8.3,"https://m.media-amazon.com/images/M/MV5BNDc2ODQ5NTE2MV5BMl5BanBnXkFtZTcwODExMjUyNA@@._V1_QL75_UX90_CR0,1,90,133_.jpg",https://www.imdb.com/title/tt0055031/
136,Jurassic Park,1993,8.2,"https://m.media-amazon.com/images/M/MV5BMjM2MDgxMDg0Nl5BMl5BanBnXkFtZTgwNTM2OTM5NDE@._V1_QL75_UX90_CR0,1,90,133_.jpg",https://www.imdb.com/title/tt0107290/
137,Batman Begins,2005,8.2,"https://m.media-amazon.com/images/M/MV5BMzA2NDQzZDEtNDU5Ni00YTlkLTg2OWEtYmQwM2Y1YTBjMjFjXkEyXkFqcGc@._V1_QL75_UX90_CR0,0,90,133_.jpg",https://www.imdb.com/title/tt0372784/
138,Oppenheimer,2023,8.2,"https://m.media-amazon.com/images/M/MV5BN2JkMDc5MGQtZjg3YS00NmFiLWIyZmQtZTJmNTM5MjVmYTQ4XkEyXkFqcGc@._V1_QL75_UX90_CR0,0,90,133_.jpg",https://www.imdb.com/title/tt15398776/
139,For a Few Dollars More,1965,8.2,"https://m.media-amazon.com/images/M/MV5BNTRmOTcyYmYtMTIwNi00ZGYyLTk4YjYtZGJlZTgwZGY0NGQyXkEyXkFqcGc@._V1_QL75_UX90_CR0,2,90,133_.jpg",https://www.imdb.com/title/tt0059578/
140,Hamilton,2020,8.3,"https://m.media-amazon.com/images/M/MV5BYTc3MWIyMzAtMTZmNC00YmNjLWIyZTgtMmU4NjZkYzZkOThkXkEyXkFqcGc@._V1_QL75_UX90_CR0,0,90,133_.jpg",https://www.imdb.com/title/tt8503618/
141,There Will Be Blood,2007,8.2,"https://m.media-amazon.com/images/M/MV5BMjAxODQ4MDU5NV5BMl5BanBnXkFtZTcwMDU4MjU1MQ@@._V1_QL75_UX90_CR0,0,90,133_.jpg",https://www.imdb.com/title/tt0469494/
142,Some Like It Hot,1959,8.2,"https://m.media-amazon.com/images/M/MV5BZTllZDYyNjEtY2RmMS00NmJhLWI4ODAtMTQ0NWFiZTJhZjA0XkEyXkFqcGc@._V1_QL75_UX90_CR0,3,90,133_.jpg",https://www.imdb.com/title/tt0053291/
143,Taxi Driver,1976,8.2,"https://m.media-amazon.com/images/M/MV5BZDNhMGYwM2UtMTdlZS00MGQ1LWI2YzAtODY5YWI1MjYyNzRmXkEyXkFqcGc@._V1_QL75_UX90_CR0,2,90,133_.jpg",https://www.imdb.com/title/tt0075314/
144,The Father,2020,8.2,"https://m.media-amazon.com/images/M/MV5BYzUxMDAyMDAtNzIyZi00OGQ1LTllMjEtYzRjOThkZTUxNTliXkEyXkFqcGc@._V1_QL75_UX90_CR0,0,90,133_.jpg",https://www.imdb.com/title/tt10272386/
145,The Kid,1921,8.2,"https://m.media-amazon.com/images/M/MV5BNjkxMzY1NTQtN2YwOS00NmIwLTlkNTMtMjNkMzk1ZTk3ZDU2XkEyXkFqcGc@._V1_QL75_UX90_CR0,1,90,133_.jpg",https://www.imdb.com/title/tt0012349/
146,The Sixth Sense,1999,8.2,"https://m.media-amazon.com/images/M/MV5BZWQ2OTY0M2UtMTQxNC00MmIzLTllNDQtNDQ0MTQyYzI2M2ZiXkEyXkFqcGc@._V1_QL75_UY133_CR0,0,90,133_.jpg",https://www.imdb.com/title/tt0167404/
147,All About Eve,1950,8.2,"https://m.media-amazon.com/images/M/MV5BMTY2MTAzODI5NV5BMl5BanBnXkFtZTgwMjM4NzQ0MjE@._V1_QL75_UX90_CR0,1,90,133_.jpg",https://www.imdb.com/title/tt0042192/
148,Ran,1985,8.2,"https://m.media-amazon.com/images/M/MV5BZDk2NDY5YjktMjEyMC00OTJhLTkzM2EtY2Q4Y2RjYzc2Yjk4XkEyXkFqcGc@._V1_QL75_UX90_CR0,2,90,133_.jpg",https://www.imdb.com/title/tt0089881/
149,Casino,1995,8.2,"https://m.media-amazon.com/images/M/MV5BMDRlZWZjZjYtYzY2NS00ZWVjLTkwYzAtZTA2ZDAzMGRiYmYwXkEyXkFqcGc@._V1_QL75_UX90_CR0,1,90,133_.jpg",https://www.imdb.com/title/tt0112641/
150,The Thing,1982,8.2,"https://m.media-amazon.com/images/M/MV5BYTA3NDU5MWEtNTk4Yy00ZDNkLThmZTQtMjU3ZGVhYzAyMzU4XkEyXkFqcGc@._V1_QL75_UX90_CR0,1,90,133_.jpg",https://www.imdb.com/title/tt0084787/
151,No Country for Old Men,2007,8.2,"https://m.media-amazon.com/images/M/MV5BMjA5Njk3MjM4OV5BMl5BanBnXkFtZTcwMTc5MTE1MQ@@._V1_QL75_UY133_CR0,0,90,133_.jpg",https://www.imdb.com/title/tt0477348/
152,Prisoners,2013,8.2,"https://m.media-amazon.com/images/M/MV5BMTg0NTIzMjQ1NV5BMl5BanBnXkFtZTcwNDc3MzM5OQ@@._V1_QL75_UY133_CR0,0,90,133_.jpg",https://www.imdb.com/title/tt1392214/
153,Top Gun: Maverick,2022,8.2,"https://m.media-amazon.com/images/M/MV5BMDBkZDNjMWEtOTdmMi00NmExLTg5MmMtNTFlYTJlNWY5YTdmXkEyXkFqcGc@._V1_QL75_UX90_CR0,0,90,133_.jpg",https://www.imdb.com/title/tt1745960/
154,Kill Bill: Vol. 1,2003,8.2,"https://m.media-amazon.com/images/M/MV5BZmMyYzJlZmYtY2I3NC00NjAyLTkyZWItZjdjZDI1YTYyYTEwXkEyXkFqcGc@._V1_QL75_UX90_CR0,1,90,133_.jpg",https://www.imdb.com/title/tt0266697/
155,Pan's Labyrinth,2006,8.2,"https://m.media-amazon.com/images/M/MV5BOTc1NTAxMWItMWFlNy00MmU2LTkwMTMtNzMwOTg5OTQ5YTFiXkEyXkFqcGc@._V1_QL75_UX90_CR0,0,90,133_.jpg",https://www.imdb.com/title/tt0457430/
156,Unforgiven,1992,8.2,"https://m.media-amazon.com/images/M/MV5BNmZmMzM3YWMtZjg5Yi00M2MxLTg3ZGItNGU4YjQxNDAxM2Q4XkEyXkFqcGc@._V1_QL75_UX90_CR0,1,90,133_.jpg",https://www.imdb.com/title/tt0105695/
157,A Beautiful Mind,2001,8.2,"https://m.media-amazon.com/images/M/MV5BYjgzNjFkMmItOGJhNi00NWM3LWJlYTUtNDExMGQ3ZTI3NjJkXkEyXkFqcGc@._V1_QL75_UX90_CR0,0,90,133_.jpg",https://www.imdb.com/title/tt0268978/
158,Howl's Moving Castle,2004,8.2,"https://m.media-amazon.com/images/M/MV5BMTY1OTg0MjE3MV5BMl5BanBnXkFtZTcwNTUxMTkyMQ@@._V1_QL75_UX90_CR0,0,90,133_.jpg",https://www.imdb.com/title/tt0347149/
159,Demon Slayer: Kimetsu No Yaiba Infinity Castle,2025,8.4,"https://m.media-amazon.com/images/M/MV5BOGQ3YWUzYjEtMTJiYy00ZjQ0LWI0YjktYjhiNGVhNGExYTM3XkEyXkFqcGc@._V1_QL75_UX90_CR0,1,90,133_.jpg",https://www.imdb.com/title/tt32820897/
160,Project Hail Mary,2026,8.2,"https://m.media-amazon.com/images/M/MV5BNTkwNzJiYTctNzI3NC00NjE1LTlhYjktY2Q5MTdmMWFmNzcxXkEyXkFqcGc@._V1_QL75_UX90_CR0,0,90,133_.jpg",https://www.imdb.com/title/tt12042730/
161,The Treasure of the Sierra Madre,1948,8.2,"https://m.media-amazon.com/images/M/MV5BOWM1YjFmODEtMWNhMC00YmI1LWI0Y2EtYzg0YTBhZWI4ODE3XkEyXkFqcGc@._V1_QL75_UX90_CR0,1,90,133_.jpg",https://www.imdb.com/title/tt0040897/
162,Finding Nemo,2003,8.2,"https://m.media-amazon.com/images/M/MV5BMTc5NjExNTA5OV5BMl5BanBnXkFtZTYwMTQ0ODY2._V1_QL75_UX90_CR0,0,90,133_.jpg",https://www.imdb.com/title/tt0266543/
163,Klaus,2019,8.2,"https://m.media-amazon.com/images/M/MV5BZDA4ODhlMzctNGRmYi00NmViLTkxZGYtZjRkNGQ5YzYwYWVlXkEyXkFqcGc@._V1_QL75_UX90_CR0,0,90,133_.jpg",https://www.imdb.com/title/tt4729430/
164,Yojimbo,1961,8.2,"https://m.media-amazon.com/images/M/MV5BYzFkODA1N2QtY2UyMC00NTMwLWEyNzctMmE3YjIzNzE1MzY4XkEyXkFqcGc@._V1_QL75_UX90_CR0,1,90,133_.jpg",https://www.imdb.com/title/tt0055630/
165,The Elephant Man,1980,8.2,"https://m.media-amazon.com/images/M/MV5BMGE2MzViYzEtZDFmOC00YmViLWFkZTQtYmI2NmI3NDJjMDc0XkEyXkFqcGc@._V1_QL75_UX90_CR0,1,90,133_.jpg",https://www.imdb.com/title/tt0080678/
166,The Great Escape,1963,8.2,"https://m.media-amazon.com/images/M/MV5BMDRhNmJjMzEtMWU5MC00YmEyLTg3ZmYtNzYxZTI1ZGU4ZjI1XkEyXkFqcGc@._V1_QL75_UX90_CR0,4,90,133_.jpg",https://www.imdb.com/title/tt0057115/
167,Monty Python and the Holy Grail,1975,8.1,"https://m.media-amazon.com/images/M/MV5BYWY4YmUzZmUtMzQ0ZS00N2Y2LWJlODQtN2IwMDc1MWQwMmU3XkEyXkFqcGc@._V1_QL75_UX90_CR0,1,90,133_.jpg",https://www.imdb.com/title/tt0071853/
168,Dial M for Murder,1954,8.1,"https://m.media-amazon.com/images/M/MV5BZmYzNDgzYjgtNmU3Ny00YzUxLWE3OWUtMjIxZmNkYTVhNDZmXkEyXkFqcGc@._V1_QL75_UY133_CR4,0,90,133_.jpg",https://www.imdb.com/title/tt0046912/
169,The Secret in Their Eyes,2009,8.2,"https://m.media-amazon.com/images/M/MV5BMTgwNTI3OTczOV5BMl5BanBnXkFtZTcwMTM3MTUyMw@@._V1_QL75_UY133_CR0,0,90,133_.jpg",https://www.imdb.com/title/tt1305806/
170,Gone with the Wind,1939,8.2,"https://m.media-amazon.com/images/M/MV5BYmYxZTE3YzMtYmE2Yy00NmFlLTkzYTAtYTAzN2IzNDFkN2E0XkEyXkFqcGc@._V1_QL75_UX90_CR0,2,90,133_.jpg",https://www.imdb.com/title/tt0031381/
171,"Lock, Stock and Two Smoking Barrels",1998,8.1,"https://m.media-amazon.com/images/M/MV5BMmY1M2M5ZmMtYzllZC00YzAxLTk4MjktZDJkNjA1MTUwMGQ4XkEyXkFqcGc@._V1_QL75_UX90_CR0,1,90,133_.jpg",https://www.imdb.com/title/tt0120735/
172,Chinatown,1974,8.1,"https://m.media-amazon.com/images/M/MV5BNmRmZTE0NmUtZjhiZi00MzQ3LTk3ZjctN2Q3ODYzY2U3MDk3XkEyXkFqcGc@._V1_QL75_UX90_CR0,2,90,133_.jpg",https://www.imdb.com/title/tt0071315/
173,Catch Me If You Can,2002,8.1,"https://m.media-amazon.com/images/M/MV5BMTY5MzYzNjc5NV5BMl5BanBnXkFtZTYwNTUyNTc2._V1_QL75_UX90_CR0,0,90,133_.jpg",https://www.imdb.com/title/tt0264464/
174,V for Vendetta,2005,8.1,"https://m.media-amazon.com/images/M/MV5BZDEwOTRjNjgtOGY0MC00NGYxLWFmYmQtNjc1ZjVhMTc0OWUxXkEyXkFqcGc@._V1_QL75_UY133_CR0,0,90,133_.jpg",https://www.imdb.com/title/tt0434409/
175,The Best of Youth,2003,8.4,"https://m.media-amazon.com/images/M/MV5BYzcxMTE2YjUtMzIyMy00NDNjLWE3ZWYtODQzYmNhNDVhNDZmXkEyXkFqcGc@._V1_QL75_UY133_CR2,0,90,133_.jpg",https://www.imdb.com/title/tt0346336/
176,Dead Poets Society,1989,8.1,"https://m.media-amazon.com/images/M/MV5BMDYwNGVlY2ItMWYxMS00YjZiLWE5MTAtYWM5NWQ2ZWJjY2Q3XkEyXkFqcGc@._V1_QL75_UY133_CR0,0,90,133_.jpg",https://www.imdb.com/title/tt0097165/
177,Inside Out,2015,8.1,"https://m.media-amazon.com/images/M/MV5BOTgxMDQwMDk0OF5BMl5BanBnXkFtZTgwNjU5OTg2NDE@._V1_QL75_UX90_CR0,0,90,133_.jpg",https://www.imdb.com/title/tt2096673/
178,Trainspotting,1996,8.1,"https://m.media-amazon.com/images/M/MV5BYmVkNGJkMzQtYWQwOS00OTZmLThjODQtZjNjNzllYzRiNTE0XkEyXkFqcGc@._V1_QL75_UX90_CR0,0,90,133_.jpg",https://www.imdb.com/title/tt0117951/
179,Harry Potter and the Deathly Hallows: Part 2,2011,8.1,"https://m.media-amazon.com/images/M/MV5BOTA1Mzc2N2ItZWRiNS00MjQzLTlmZDQtMjU0NmY1YWRkMGQ4XkEyXkFqcGc@._V1_QL75_UX90_CR0,1,90,133_.jpg",https://www.imdb.com/title/tt1201607/
180,"Three Billboards Outside Ebbing, Missouri",2017,8.1,"https://m.media-amazon.com/images/M/MV5BMjI0ODcxNzM1N15BMl5BanBnXkFtZTgwMzIwMTEwNDI@._V1_QL75_UX90_CR0,0,90,133_.jpg",https://www.imdb.com/title/tt5027774/
181,The Bridge on the River Kwai,1957,8.1,"https://m.media-amazon.com/images/M/MV5BNzdkYmU2YmItNmZiYy00OWQyLTg0YWYtZmUxM2U3YTRiNTQ1XkEyXkFqcGc@._V1_QL75_UX90_CR0,3,90,133_.jpg",https://www.imdb.com/title/tt0050212/
182,Rashomon,1950,8.1,"https://m.media-amazon.com/images/M/MV5BMTk1MDU5MjQ5NF5BMl5BanBnXkFtZTgwMDM2OTE4MzE@._V1_QL75_UY133_CR2,0,90,133_.jpg",https://www.imdb.com/title/tt0042876/
183,Barry Lyndon,1975,8.1,"https://m.media-amazon.com/images/M/MV5BNmM2MGQ5Y2UtYzA3ZC00ZDJlLTkwNDYtMjBmZGExZDJiN2RlXkEyXkFqcGc@._V1_QL75_UX90_CR0,2,90,133_.jpg",https://www.imdb.com/title/tt0072684/
184,Ben-Hur,1959,8.1,"https://m.media-amazon.com/images/M/MV5BNjg2M2E1YzYtOThmMC00NjAyLWI5MzgtMDEwOGFiODdlOGUzXkEyXkFqcGc@._V1_QL75_UX90_CR0,2,90,133_.jpg",https://www.imdb.com/title/tt0052618/
185,The Wild Robot,2024,8.1,"https://m.media-amazon.com/images/M/MV5BZWNiZjVlZTUtNGUwYi00MjJmLTg2MDctNWEzYTJiMzY1ODc4XkEyXkFqcGc@._V1_QL75_UX90_CR0,4,90,133_.jpg",https://www.imdb.com/title/tt29623480/
186,Warrior,2011,8.1,"https://m.media-amazon.com/images/M/MV5BMTk4ODk5MTMyNV5BMl5BanBnXkFtZTcwMDMyNTg0Ng@@._V1_QL75_UX90_CR0,3,90,133_.jpg",https://www.imdb.com/title/tt1291584/
187,Hacksaw Ridge,2016,8.1,"https://m.media-amazon.com/images/M/MV5BMjQ1NjM3MTUxNV5BMl5BanBnXkFtZTgwMDc5MTY5OTE@._V1_QL75_UX90_CR0,3,90,133_.jpg",https://www.imdb.com/title/tt2119532/
188,Ratatouille,2007,8.1,"https://m.media-amazon.com/images/M/MV5BMTMzODU0NTkxMF5BMl5BanBnXkFtZTcwMjQ4MzMzMw@@._V1_QL75_UX90_CR0,0,90,133_.jpg",https://www.imdb.com/title/tt0382932/
189,Mad Max: Fury Road,2015,8.1,"https://m.media-amazon.com/images/M/MV5BZDRkODJhOTgtOTc1OC00NTgzLTk4NjItNDgxZDY4YjlmNDY2XkEyXkFqcGc@._V1_QL75_UX90_CR0,0,90,133_.jpg",https://www.imdb.com/title/tt1392190/
190,Fargo,1996,8.1,"https://m.media-amazon.com/images/M/MV5BNjg4MWE0MjEtODFhNy00MjA5LTg5ODktMzgwNWFmZTAwNjBlXkEyXkFqcGc@._V1_QL75_UY133_CR0,0,90,133_.jpg",https://www.imdb.com/title/tt0116282/
191,Million Dollar Baby,2004,8.1,"https://m.media-amazon.com/images/M/MV5BMTkxNzA1NDQxOV5BMl5BanBnXkFtZTcwNTkyMTIzMw@@._V1_QL75_UY133_CR0,0,90,133_.jpg",https://www.imdb.com/title/tt0405159/
192,Children of Heaven,1997,8.2,"https://m.media-amazon.com/images/M/MV5BZWZlMjNhNzgtZGRhOS00Y2U5LThjOTctODNjZTI0ZTBiYzBhXkEyXkFqcGc@._V1_QL75_UX90_CR0,2,90,133_.jpg",https://www.imdb.com/title/tt0118849/
193,My Neighbor Totoro,1988,8.1,"https://m.media-amazon.com/images/M/MV5BYWM3MDE3YjEtMzIzZC00ODE5LTgxNTItNmUyMTBkM2M2NmNiXkEyXkFqcGc@._V1_QL75_UX90_CR0,0,90,133_.jpg",https://www.imdb.com/title/tt0096283/
194,Gran Torino,2008,8.1,"https://m.media-amazon.com/images/M/MV5BMTc5NTk2OTU1Nl5BMl5BanBnXkFtZTcwMDc3NjAwMg@@._V1_QL75_UY133_CR0,0,90,133_.jpg",https://www.imdb.com/title/tt1205489/
195,Raging Bull,1980,8.1,"https://m.media-amazon.com/images/M/MV5BMjlkYmYyZWQtNTZkOS00ZjA0LWEwNWUtNzE2ZGNiYjg0MjA2XkEyXkFqcGc@._V1_QL75_UY133_CR0,0,90,133_.jpg",https://www.imdb.com/title/tt0081398/
196,12 Years a Slave,2013,8.1,"https://m.media-amazon.com/images/M/MV5BMjExMTEzODkyN15BMl5BanBnXkFtZTcwNTU4NTc4OQ@@._V1_QL75_UX90_CR0,0,90,133_.jpg",https://www.imdb.com/title/tt2024544/
197,How to Train Your Dragon,2010,8.1,"https://m.media-amazon.com/images/M/MV5BMjA5NDQyMjc2NF5BMl5BanBnXkFtZTcwMjg5ODcyMw@@._V1_QL75_UX90_CR0,0,90,133_.jpg",https://www.imdb.com/title/tt0892769/
198,Memories of Murder,2003,8.1,"https://m.media-amazon.com/images/M/MV5BYmRjOWE5NmMtYTdkYS00ODFlLWJiMTMtYzE2NDZlZjlkZDQ0XkEyXkFqcGc@._V1_QL75_UX90_CR0,0,90,133_.jpg",https://www.imdb.com/title/tt0353969/
199,The Grand Budapest Hotel,2014,8.1,"https://m.media-amazon.com/images/M/MV5BMzM5NjUxOTEyMl5BMl5BanBnXkFtZTgwNjEyMDM0MDE@._V1_QL75_UX90_CR0,0,90,133_.jpg",https://www.imdb.com/title/tt2278388/
200,Before Sunrise,1995,8.1,"https://m.media-amazon.com/images/M/MV5BZDZhZmI1ZTUtYWI3NC00NTMwLTk3NWMtNDc0OGNjM2I0ZjlmXkEyXkFqcGc@._V1_QL75_UX90_CR0,0,90,133_.jpg",https://www.imdb.com/title/tt0112471/
201,"Monsters, Inc.",2001,8.1,"https://m.media-amazon.com/images/M/MV5BMTY1NTI0ODUyOF5BMl5BanBnXkFtZTgwNTEyNjQ0MDE@._V1_QL75_UX90_CR0,0,90,133_.jpg",https://www.imdb.com/title/tt0198781/
202,Blade Runner,1982,8.1,"https://m.media-amazon.com/images/M/MV5BOWQ4YTBmNTQtMDYxMC00NGFjLTkwOGQtNzdhNmY1Nzc1MzUxXkEyXkFqcGc@._V1_QL75_UX90_CR0,0,90,133_.jpg",https://www.imdb.com/title/tt0083658/
203,Gone Girl,2014,8.1,"https://m.media-amazon.com/images/M/MV5BMTk0MDQ3MzAzOV5BMl5BanBnXkFtZTgwNzU1NzE3MjE@._V1_QL75_UY133_CR0,0,90,133_.jpg",https://www.imdb.com/title/tt2267998/
204,Ford v Ferrari,2019,8.1,"https://m.media-amazon.com/images/M/MV5BOTBjNTEyNjYtYjdkNi00YzE5LTljYzUtZjVlYmYwZmJmZWYxXkEyXkFqcGc@._V1_QL75_UX90_CR0,0,90,133_.jpg",https://www.imdb.com/title/tt1950186/
205,Jaws,1975,8.1,"https://m.media-amazon.com/images/M/MV5BYjViNDQzNmUtYzkxZi00NTk5LTljMmItYjJlZmZkODIxNjU1XkEyXkFqcGc@._V1_QL75_UX90_CR0,2,90,133_.jpg",https://www.imdb.com/title/tt0073195/
206,In the Name of the Father,1993,8.1,"https://m.media-amazon.com/images/M/MV5BMGZiZDVjNzYtZWM4ZC00MzVkLThhNDEtMDJlOTBhYzVjMmNhXkEyXkFqcGc@._V1_QL75_UX90_CR0,0,90,133_.jpg",https://www.imdb.com/title/tt0107207/
207,Spider-Man: No Way Home,2021,8.1,"https://m.media-amazon.com/images/M/MV5BMmFiZGZjMmEtMTA0Ni00MzA2LTljMTYtZGI2MGJmZWYzZTQ2XkEyXkFqcGc@._V1_QL75_UX90_CR0,1,90,133_.jpg",https://www.imdb.com/title/tt10872600/
208,Chainsaw Man - The Movie: Reze Arc,2025,8.3,"https://m.media-amazon.com/images/M/MV5BZmMzNGVhODktYmU5MS00MDg1LThlNTEtNTMyYTg5MDA0Njk4XkEyXkFqcGc@._V1_QL75_UX90_CR0,0,90,133_.jpg",https://www.imdb.com/title/tt30472557/
209,Wild Tales,2014,8.1,"https://m.media-amazon.com/images/M/MV5BNzAzMjA1ODAxOV5BMl5BanBnXkFtZTgwODg4NTQzNDE@._V1_QL75_UX90_CR0,0,90,133_.jpg",https://www.imdb.com/title/tt3011894/
210,The Gold Rush,1925,8.1,"https://m.media-amazon.com/images/M/MV5BNGU1NjYzYTAtZmY0YS00NWIzLTkzNzUtYzc2ZTIyOTIxZjVhXkEyXkFqcGc@._V1_QL75_UX90_CR0,0,90,133_.jpg",https://www.imdb.com/title/tt0015864/
211,A Silent Voice: The Movie,2016,8.2,"https://m.media-amazon.com/images/M/MV5BOTFiNzRiOWEtYTQwNy00NmRiLWE0ZWYtNTE0YjExZjFmZjkwXkEyXkFqcGc@._V1_QL75_UY133_CR1,0,90,133_.jpg",https://www.imdb.com/title/tt5323662/
212,Sherlock Jr.,1924,8.1,"https://m.media-amazon.com/images/M/MV5BMjQzM2E2NjYtYmRjMC00ZmVlLTljZTgtNmQ5MGZlNDYyZTc5XkEyXkFqcGc@._V1_QL75_UX90_CR0,4,90,133_.jpg",https://www.imdb.com/title/tt0015324/
213,Mary and Max,2009,8.1,"https://m.media-amazon.com/images/M/MV5BNzY2Mjc4NjMtNGY4Mi00NzM5LTk3ZTQtN2VkNzVkMzRmM2Y2XkEyXkFqcGc@._V1_QL75_UY133_CR2,0,90,133_.jpg",https://www.imdb.com/title/tt0978762/
214,The Deer Hunter,1978,8.1,"https://m.media-amazon.com/images/M/MV5BZGI4YmVhMzMtMWExMS00MGZiLTg2MmItM2I2MWZjODAyM2U5XkEyXkFqcGc@._V1_QL75_UY133_CR0,0,90,133_.jpg",https://www.imdb.com/title/tt0077416/
215,The Wages of Fear,1953,8.1,"https://m.media-amazon.com/images/M/MV5BMjI3MjU2Mzg2MF5BMl5BanBnXkFtZTgwOTg2MTMzMjE@._V1_QL75_UY133_CR5,0,90,133_.jpg",https://www.imdb.com/title/tt0046268/
216,Logan,2017,8.1,"https://m.media-amazon.com/images/M/MV5BM2JjODdkMGMtNmY2YS00OGM2LThiY2YtZGYyNzE4Nzc2ODA0XkEyXkFqcGc@._V1_QL75_UX90_CR0,1,90,133_.jpg",https://www.imdb.com/title/tt3315342/
217,Rocky,1976,8.1,"https://m.media-amazon.com/images/M/MV5BZDEyY2M2MGMtYjg5OC00ZWFjLWFkZDQtNmQzZTdiYmYzZTBkXkEyXkFqcGc@._V1_QL75_UX90_CR0,2,90,133_.jpg",https://www.imdb.com/title/tt0075148/
218,Pirates of the Caribbean: The Curse of the Black Pearl,2003,8.1,"https://m.media-amazon.com/images/M/MV5BNDhlMzEyNzItMTA5Mi00YWRhLThlNTktYTQyMTA0MDIyNDEyXkEyXkFqcGc@._V1_QL75_UX90_CR0,0,90,133_.jpg",https://www.imdb.com/title/tt0325980/
219,The General,1926,8.1,"https://m.media-amazon.com/images/M/MV5BMTVhM2Y1MDUtMDkxYi00Y2UxLWI2MTMtZjMzYTY4ODM4MGIzXkEyXkFqcGc@._V1_QL75_UX90_CR0,0,90,133_.jpg",https://www.imdb.com/title/tt0017925/
220,Mr. Smith Goes to Washington,1939,8.1,"https://m.media-amazon.com/images/M/MV5BMDU4ZjNmMjEtMjcxYi00NDAxLWFlMjQtNWIyNjg5NWUzNTdjXkEyXkFqcGc@._V1_QL75_UX90_CR0,1,90,133_.jpg",https://www.imdb.com/title/tt0031679/
221,Tokyo Story,1953,8.1,"https://m.media-amazon.com/images/M/MV5BODdkNzcxZjItMDU2Yy00Y2JlLWFkYTQtNzIwM2Q4MWU5MTU2XkEyXkFqcGc@._V1_QL75_UY133_CR1,0,90,133_.jpg",https://www.imdb.com/title/tt0046438/
222,La haine,1995,8.1,"https://m.media-amazon.com/images/M/MV5BMThlMDA3NDYtZGM2Zi00NmJhLThlYWItZjViZTkzZWU1ZWRiXkEyXkFqcGc@._V1_QL75_UX90_CR0,0,90,133_.jpg",https://www.imdb.com/title/tt0113247/
223,Jai Bhim,2021,8.6,"https://m.media-amazon.com/images/M/MV5BZjEyNDIzNmEtMjdkYS00ZDAwLTljOWYtNDRhYTVhYTlmOTk1XkEyXkFqcGc@._V1_QL75_UY133_CR8,0,90,133_.jpg",https://www.imdb.com/title/tt15097216/
224,Spotlight,2015,8.1,"https://m.media-amazon.com/images/M/MV5BMjIyOTM5OTIzNV5BMl5BanBnXkFtZTgwMDkzODE2NjE@._V1_QL75_UY133_CR0,0,90,133_.jpg",https://www.imdb.com/title/tt1895587/
225,Maharaja,2024,8.3,"https://m.media-amazon.com/images/M/MV5BOTFlMTIxOGItZTk0Zi00MTk2LWJiM2UtMzlhZWYzNjQ4N2Y3XkEyXkFqcGc@._V1_QL75_UY133_CR5,0,90,133_.jpg",https://www.imdb.com/title/tt26548265/
226,The Sound of Music,1965,8.1,"https://m.media-amazon.com/images/M/MV5BYWJhYmU4MjQtZDJhYi00ZGVjLTlkNTEtNzkzNGVjOWQ3MjcwXkEyXkFqcGc@._V1_QL75_UX90_CR0,1,90,133_.jpg",https://www.imdb.com/title/tt0059742/
227,The Terminator,1984,8.1,"https://m.media-amazon.com/images/M/MV5BZmE0YzIxM2QtMGNlMi00MjRmLWE3MWMtOWQzMGVjMmU0YTFmXkEyXkFqcGc@._V1_QL75_UX90_CR0,1,90,133_.jpg",https://www.imdb.com/title/tt0088247/
228,Wild Strawberries,1957,8.1,"https://m.media-amazon.com/images/M/MV5BZWQ5MDllM2EtZWRmNS00MmZiLWI4ZWQtMjRiY2Q5MTAxODY4XkEyXkFqcGc@._V1_QL75_UX90_CR0,2,90,133_.jpg",https://www.imdb.com/title/tt0050986/
229,On the Waterfront,1954,8.1,"https://m.media-amazon.com/images/M/MV5BZDJlYTM1ZGYtZTM4YS00MzFhLThiZjktYzQ0ZjAzMGYwZTU3XkEyXkFqcGc@._V1_QL75_UX90_CR0,1,90,133_.jpg",https://www.imdb.com/title/tt0047296/
230,The Best Years of Our Lives,1946,8.1,"https://m.media-amazon.com/images/M/MV5BNTgxMzUyODQtMDJmZC00ZGMyLWI3MzAtZTYwYjBjZjFmMzIxXkEyXkFqcGc@._V1_QL75_UX90_CR0,1,90,133_.jpg",https://www.imdb.com/title/tt0036868/
231,The Third Man,1949,8.1,"https://m.media-amazon.com/images/M/MV5BNGVjMTMxZTQtMmVlNy00YmI0LWJjMDUtYTgyZWU1Njg5ZGRiXkEyXkFqcGc@._V1_QL75_UX90_CR0,0,90,133_.jpg",https://www.imdb.com/title/tt0041959/
232,The Big Lebowski,1998,8.1,"https://m.media-amazon.com/images/M/MV5BY2E3OWQ5OWYtYTRkMC00NjVjLWIzZDQtNmRmM2ZiYTIyYmYxXkEyXkFqcGc@._V1_QL75_UY133_CR0,0,90,133_.jpg",https://www.imdb.com/title/tt0118715/
233,The Incredibles,2004,8.0,"https://m.media-amazon.com/images/M/MV5BMTY5OTU0OTc2NV5BMl5BanBnXkFtZTcwMzU4MDcyMQ@@._V1_QL75_UX90_CR0,0,90,133_.jpg",https://www.imdb.com/title/tt0317705/
234,Hachi: A Dog's Tale,2009,8.1,"https://m.media-amazon.com/images/M/MV5BNTU5NjYyYTgtZGQ3My00MzRhLThjNGYtZmVjN2JjYjhkMjhhXkEyXkFqcGc@._V1_QL75_UX90_CR0,0,90,133_.jpg",https://www.imdb.com/title/tt1028532/
235,Before Sunset,2004,8.1,"https://m.media-amazon.com/images/M/MV5BMTQ1MjAwNTM5Ml5BMl5BanBnXkFtZTYwNDM0MTc3._V1_QL75_UY133_CR0,0,90,133_.jpg",https://www.imdb.com/title/tt0381681/
236,Room,2015,8.1,"https://m.media-amazon.com/images/M/MV5BMjE4NzgzNzEwMl5BMl5BanBnXkFtZTgwMTMzMDE0NjE@._V1_QL75_UX90_CR0,0,90,133_.jpg",https://www.imdb.com/title/tt3170832/
237,The Exorcist,1973,8.1,"https://m.media-amazon.com/images/M/MV5BZjg3YjE4ZjAtYTdmYS00ZTBkLWE1ZjgtNzAzODUwNzRiYjlmXkEyXkFqcGc@._V1_QL75_UX90_CR0,2,90,133_.jpg",https://www.imdb.com/title/tt0070047/
238,Hotel Rwanda,2004,8.1,"https://m.media-amazon.com/images/M/MV5BY2FmMWRmZmQtN2IzMS00OGVmLWFmNjktMTM0YWQzODcwYTEwXkEyXkFqcGc@._V1_QL75_UY133_CR0,0,90,133_.jpg",https://www.imdb.com/title/tt0395169/
239,The Iron Giant,1999,8.1,"https://m.media-amazon.com/images/M/MV5BODM4ZjZjMGEtYmFiMy00MThjLWIzZjUtMDU0ODg1NTI2MzIwXkEyXkFqcGc@._V1_QL75_UX90_CR0,0,90,133_.jpg",https://www.imdb.com/title/tt0129167/
240,The Seventh Seal,1957,8.1,"https://m.media-amazon.com/images/M/MV5BZDlmYTkzOWUtODQ0MS00MmM4LWE3ZjMtYTEwNGUwMmJkYzIxXkEyXkFqcGc@._V1_QL75_UY133_CR1,0,90,133_.jpg",https://www.imdb.com/title/tt0050976/
241,Platoon,1986,8.0,"https://m.media-amazon.com/images/M/MV5BZjE4YjllODAtZGMxZS00Mjg2LThkOWUtZjNkMjQ5YThiNDU4XkEyXkFqcGc@._V1_QL75_UX90_CR0,4,90,133_.jpg",https://www.imdb.com/title/tt0091763/
242,The Chaos Class Failed the Class,1975,8.4,"https://m.media-amazon.com/images/M/MV5BZmY3MjVhMmQtOTcwYy00ZjcyLWFiZDgtN2JiODVjNjQzYWQyXkEyXkFqcGc@._V1_QL75_UX90_CR0,1,90,133_.jpg",https://www.imdb.com/title/tt0252488/
243,Rush,2013,8.1,"https://m.media-amazon.com/images/M/MV5BMTZhOGQxM2ItNGQyYy00YzE5LWI5MjMtNmMzNGQzNDE1OTUzXkEyXkFqcGc@._V1_QL75_UX90_CR0,0,90,133_.jpg",https://www.imdb.com/title/tt1979320/
244,Stand by Me,1986,8.1,"https://m.media-amazon.com/images/M/MV5BNGJkNTUwM2MtZWE2MS00YjNkLWE3MjktNWQwZDQxMDIyZWVmXkEyXkFqcGc@._V1_QL75_UX90_CR0,4,90,133_.jpg",https://www.imdb.com/title/tt0092005/
245,The Wizard of Oz,1939,8.1,"https://m.media-amazon.com/images/M/MV5BNjIwNzAzODc1MF5BMl5BanBnXkFtZTgwNzczMjM5MzE@._V1_QL75_UX90_CR0,1,90,133_.jpg",https://www.imdb.com/title/tt0032138/
246,The Battle of Algiers,1966,8.1,"https://m.media-amazon.com/images/M/MV5BMTY2Mjk0OGEtYTM3Yy00ZWZiLWFhNjAtNGExMjEzNGVmMDMxXkEyXkFqcGc@._V1_QL75_UX90_CR0,2,90,133_.jpg",https://www.imdb.com/title/tt0058946/
247,My Father and My Son,2005,8.2,"https://m.media-amazon.com/images/M/MV5BZDE3MTBkNmQtNGFjMC00YTcwLWExY2ItN2MyMGZkNWJlMmFmXkEyXkFqcGc@._V1_QL75_UX90_CR0,1,90,133_.jpg",https://www.imdb.com/title/tt0476735/
248,The Passion of Joan of Arc,1928,8.1,"https://m.media-amazon.com/images/M/MV5BNTE1MDliZjgtYTU2Yy00YjAxLTljYTItNDE2ZGYwYTY1MGQ1XkEyXkFqcGc@._V1_QL75_UX90_CR0,4,90,133_.jpg",https://www.imdb.com/title/tt0019254/
249,Autumn Sonata,1978,8.1,"https://m.media-amazon.com/images/M/MV5BNTg1MzJiNTYtZjcyNS00NDE5LWE0N2ItMGIxM2Y2ZDMyYjJjXkEyXkFqcGc@._V1_QL75_UX90_CR0,1,90,133_.jpg",https://www.imdb.com/title/tt0077711/
250,Drishyam,2015,8.2,"https://m.media-amazon.com/images/M/MV5BYjMzZTU0NzUtZGQ0MC00Y2M4LWI5ZDUtZjY1YmNjMjNmNmI3XkEyXkFqcGc@._V1_QL75_UY133_CR2,0,90,133_.jpg",https://www.imdb.com/title/tt4430212/
